{"loss":2.110266025364399,"_timestamp":1.7381432124596007e+09,"_runtime":1.60942114,"_step":1,"epoch":2,"_wandb":{"runtime":1}}