{"_runtime":2.255434395,"_step":159,"batch":79,"epoch":2,"loss":2.1650152802467346,"_timestamp":1.738143367848579e+09,"_wandb":{"runtime":2}}