{"_wandb":{"runtime":2},"batch":79,"epoch":2,"loss":2.172427736222744,"_timestamp":1.738143374734417e+09,"_runtime":2.575599358,"_step":159}