{"_wandb":{"runtime":2},"_runtime":2.299684323,"_step":159,"batch":79,"epoch":2,"loss":2.220451208949089,"_timestamp":1.7381433477806602e+09}