{"epoch":2,"_wandb":{"runtime":1},"loss":2.1437265411019326,"_timestamp":1.7381433142367148e+09,"_runtime":1.723042763,"_step":159,"batch":79}