{"_timestamp":1.7381432382776914e+09,"_wandb":{"runtime":2},"_runtime":2.236508047,"_step":1,"epoch":2,"loss":2.1379132464528086}