{"epoch":2,"loss":2.186474098265171,"_timestamp":1.7381432209883506e+09,"_runtime":3.112479022,"_step":1,"_wandb":{"runtime":3}}