{"_wandb":{"runtime":2},"batch":79,"epoch":2,"loss":2.193350175023079,"_timestamp":1.738143322257274e+09,"_runtime":2.906801072,"_step":159}