{"_timestamp":1.7381432597889855e+09,"_runtime":5.253347934,"_wandb":{"runtime":5},"_step":1,"epoch":2,"loss":2.184039580821991}