{"_step":1,"_wandb":{"runtime":6},"epoch":2,"loss":2.201118966937065,"_timestamp":1.7381432833399813e+09,"_runtime":6.123767905}