{"_timestamp":1.7381433853062482e+09,"_runtime":4.417059691,"_step":159,"_wandb":{"runtime":4},"batch":79,"epoch":2,"loss":2.1363628804683685}