{"_step":1,"_wandb":{"runtime":2},"epoch":2,"loss":2.1960181668400764,"_timestamp":1.7381432704189026e+09,"_runtime":2.458333678}