{"_runtime":3.937782198,"_step":1,"epoch":2,"loss":2.2099886402487754,"_timestamp":1.7381432312195237e+09,"_wandb":{"runtime":3}}