{"_step":159,"_wandb":{"runtime":2},"batch":79,"epoch":2,"loss":2.160579326748848,"_timestamp":1.738143308098396e+09,"_runtime":2.791788401}