{"batch":79,"epoch":2,"loss":2.1629979401826858,"_timestamp":1.7381433601785486e+09,"_wandb":{"runtime":5},"_runtime":5.578558934,"_step":159}