{"epoch":2,"loss":2.1355957090854645,"_timestamp":1.738143331041881e+09,"_runtime":4.043508803,"_wandb":{"runtime":4},"_step":159,"batch":79}