{"_timestamp":1.7381432064089174e+09,"_wandb":{"runtime":2},"_runtime":2.462339107,"_step":1,"epoch":2,"loss":2.2253503531217573}