{"_wandb":{"runtime":3},"_runtime":3.847677353,"_step":159,"batch":79,"epoch":2,"loss":2.19488275796175,"_timestamp":1.7381433405828488e+09}