{"_step":1,"epoch":2,"loss":2.1202035665512087,"_timestamp":1.738143292067914e+09,"_wandb":{"runtime":2},"_runtime":2.960736099}